Primary Item Number,Related Item Number
10525773,10396065
10525773,10574133
10525773,10815546
10525773,10677357
10525773,20003476
10574133,10927285
10574133,10574148
10574133,10136675
10574133,10928677
10574133,20031708
10574140,10574148
10574140,20051449
10574140,10677357
10574140,10098323
10574140,20051588
10574157,10098323
10574157,10049812
10574157,10340629
10574157,10574148
10574157,10059455
10927285,10574133
10927285,10136675
10927285,10677357
10927285,10928677
10927285,20031708
20103405,10396065
20103405,10042792
20103405,10050919
20103405,10343507
20103405,10298224
